"","Estimate","Std.err.","t-ratio(0)","p(2-sided)","Rob.std.err.","Rob.t-ratio(0)","Rob.p-val(0)"
"asc_C_Class1",-0.0387199316536232,0.120988996858822,-0.32002853696526,0.748946697890221,0.199841839632139,-0.193752878400726,0.846369385311858
"asc_C_Class2",-2.74411924832796,0.947431249664505,-2.89637823250993,0.00377497111101666,2.47143011268264,-1.1103365756717,0.266854017626461
"asc_C_Class3",-3.62333299798932,0.344264687481023,-10.5248465199878,0,0.560586280519513,-6.46347069826873,1.02328368001281e-10
"beta_Tax_Class1",-0.0223923781091848,0.00347708193670012,-6.43999149770856,1.19480203508715e-10,0.00370533481907333,-6.04328062174551,1.51011669835555e-09
"beta_Tax_Class2",-0.153242874522251,0.0260033659902999,-5.89319377266066,3.78801767730863e-09,0.0675271889502585,-2.26935071494139,0.0232470067554582
"beta_Tax_Class3",-0.124450376337759,0.0117519292520634,-10.5897826364049,0,0.025669697575183,-4.84814345682343,1.24622269592756e-06
"mu_Encounter_Medium_Class1",20.6214714808323,4.77372085390356,4.31978997346896,1.56177767840493e-05,5.56950659396452,3.70256702868061,0.000213428947191563
"mu_Encounter_High_Class1",31.4126542851106,5.4458323749908,5.76820073077694,8.01223398738671e-09,6.03346267440079,5.20640567122268,1.92533494924874e-07
"mu_Existence_Medium_Class1",15.4764754649621,5.48352751376135,2.82235758389517,0.00476719900940581,6.92155029092336,2.23598396521909,0.0253528215242953
"mu_Existence_High_Class1",20.103123614837,6.2500722115338,3.2164626158621,0.00129781440975552,7.44983632048922,2.69846514071022,0.00696600330618358
"mu_Bequest_Medium_Class1",27.8901138561166,7.89703195813119,3.53172103189978,0.000412864658341894,8.88583638401016,3.1387156651122,0.00169690014770763
"mu_Bequest_High_Class1",57.2754086615386,10.3418538965502,5.53821483405836,3.05570289071966e-08,12.07997273638,4.74135247748101,2.12296213364382e-06
"mu_Int_Encounter_Medium_Bee_Class1",-9.11163562918952,7.92617863848108,-1.14956223481428,0.250324220119083,8.67573454872986,-1.05024370881927,0.293606078477822
"mu_Int_Encounter_High_Bee_Class1",20.7460087088973,8.94735041617846,2.31867622747676,0.0204125984553445,10.4786044519824,1.97984462568129,0.0477209902035434
"mu_Int_Existence_Medium_Bee_Class1",-38.6824499038395,11.4028713059144,-3.39234293416747,0.000692976491268649,14.8933172935384,-2.59730247744217,0.00939591427110642
"mu_Int_Existence_High_Bee_Class1",27.0222011800328,9.30404437224062,2.90434999005979,0.00368016512483194,9.20391577285097,2.93594616106124,0.00332532031113519
"mu_Int_Bequest_Medium_Bee_Class1",21.0589188997698,10.0110297104305,2.10357171129244,0.0354158237550835,9.33004788756138,2.25710726821083,0.0240013728388051
"mu_Int_Bequest_High_Bee_Class1",26.1066743250626,10.0558968911809,2.59615572907857,0.00942733266928752,11.3318274467957,2.30383620361645,0.0212318399993487
"mu_Int_Existence_Medium_Wasp_Class1",8.86103939544788,7.79563368005071,1.13666698040514,0.255677527852352,8.20277872300117,1.08024849806089,0.280031537101037
"mu_Int_Existence_High_Wasp_Class1",24.5639771271707,8.83145459078759,2.78141917332556,0.00541218057505377,10.652408529615,2.30595522682778,0.0211131342380233
"mu_Int_Encounter_Medium_Wasp_Class1",29.3556519627264,11.8535570328403,2.47652682493504,0.0132667655179735,12.3604297754741,2.37497016656934,0.0175503686364376
"mu_Int_Encounter_High_Wasp_Class1",9.09594900901013,9.93116864975051,0.915899158478055,0.359719788224349,10.100898586984,0.900508893409851,0.36784949465336
"mu_Int_Bequest_Medium_Wasp_Class1",-20.3668448822572,10.5562820008741,-1.9293577871992,0.0536864603636638,10.4193813712238,-1.95470768912503,0.0506175820173922
"mu_Int_Bequest_High_Wasp_Class1",-27.8315450083534,11.0901705330586,-2.50956871451081,0.0120878695109956,10.646542719661,-2.61413923197404,0.00894525750879582
"mu_Encounter_Medium_Class2",-19.3474833983684,4.74311354200498,-4.0790681536563,4.52165806785754e-05,7.66315492486799,-2.52474125710067,0.011578350134275
"mu_Encounter_High_Class2",-20.8646076916377,4.67159836885446,-4.46626744087034,7.95960980348731e-06,7.44565385145467,-2.80225324839152,0.00507470202326754
"mu_Existence_Medium_Class2",-12.2043360007923,3.06787510756593,-3.97810718262105,6.94660584850126e-05,6.02550850481166,-2.02544498792867,0.0428216918933249
"mu_Existence_High_Class2",-24.8764088939217,4.81324748011853,-5.16832117955196,2.3620613776032e-07,5.92022328044288,-4.20193761544425,2.6464007091942e-05
"mu_Bequest_Medium_Class2",0.949568123398638,6.3780726859094,0.148880103780637,0.881648241113038,16.5739622904911,0.0572927648051564,0.95431198373698
"mu_Bequest_High_Class2",-14.0851759934623,4.86490152223451,-2.89526436025221,0.00378839339464188,9.6455805864449,-1.46027249134764,0.144215199191732
"mu_Int_Encounter_Medium_Bee_Class2",2.20213755714315,6.82297913225549,0.322753084020526,0.74688224646078,13.0971622404001,0.168138526248865,0.86647430120839
"mu_Int_Encounter_High_Bee_Class2",11.6446462638935,2.54840991972193,4.56937723157353,4.89175612239379e-06,3.37164416729961,3.4536996450666,0.000552952847646448
"mu_Int_Existence_Medium_Bee_Class2",15.3704924731972,3.9435045638374,3.89767330666921,9.71213147760164e-05,5.88252428199096,2.6129076118314,0.00897755670834677
"mu_Int_Existence_High_Bee_Class2",-99.9784461037242,34.7414438472259,-2.87778615486954,0.00400476512809833,35.3496579224613,-2.82827195451296,0.00468000310012617
"mu_Int_Bequest_Medium_Bee_Class2",-58.4562750163121,15.6137336615274,-3.74390112470982,0.000181184976744131,24.9799554260862,-2.3401272748176,0.0192771692693559
"mu_Int_Bequest_High_Bee_Class2",6.29222227121284,2.50577266845511,2.5110906310157,0.0120358792036426,3.14042961925677,2.00361830516106,0.0451109634684557
"mu_Int_Existence_Medium_Wasp_Class2",7.71574322758168,2.87271721931114,2.68586938377174,0.00723413625874958,4.71201338680646,1.63746207707847,0.101533956573707
"mu_Int_Existence_High_Wasp_Class2",0.0886856821142414,3.29582489181096,0.0269084933288161,0.978532719274701,3.81215243074531,0.023263939132912,0.981439736326881
"mu_Int_Encounter_Medium_Wasp_Class2",1.77630283546168,1.88052893376058,0.944576179378178,0.34487529293511,2.47150712513368,0.718712407258632,0.472318137026945
"mu_Int_Encounter_High_Wasp_Class2",-55.7562344351751,25.1325800396334,-2.21848430790826,0.026521828361812,47.051640571946,-1.18500085772608,0.236017107778572
"mu_Int_Bequest_Medium_Wasp_Class2",5.97022733499068,5.84104580092307,1.02211616523315,0.306725923081332,13.498047263493,0.442303039724705,0.658269931604026
"mu_Int_Bequest_High_Wasp_Class2",16.7549188371804,5.90861147518597,2.83567787585036,0.00457285426287868,8.41506445989608,1.99106244723732,0.046474022303695
"mu_Encounter_Medium_Class3",1.69680973627026,2.53979003270915,0.668090556470253,0.504075789527925,4.045822156026,0.419398003874927,0.674925282697521
"mu_Encounter_High_Class3",5.80555902178012,3.3166836187605,1.75041085888975,0.0800474436037528,3.56312702354917,1.6293438273209,0.103240253034805
"mu_Existence_Medium_Class3",11.9993499455314,3.7955066963705,3.16146193524198,0.00156979334053009,6.75524972722816,1.7762999785435,0.0756834867658951
"mu_Existence_High_Class3",4.90002477942456,3.31977569193815,1.47601080136948,0.139940992594319,4.81124259153165,1.01845306824669,0.308462693455048
"mu_Bequest_Medium_Class3",-17.2872131014304,3.26844871903475,-5.2891186576535,1.22907142019457e-07,5.49366491603254,-3.14675419153795,0.00165093689618567
"mu_Bequest_High_Class3",0.75585088931879,4.75184524393756,0.159064710763279,0.873617890917798,8.37410601957723,0.0902604872152012,0.928080218575712
"mu_Int_Encounter_Medium_Bee_Class3",-7.65999360683477,3.0485743016272,-2.5126478310685,0.0119828888274112,3.98834401560373,-1.9205950080701,0.0547827849987417
"mu_Int_Encounter_High_Bee_Class3",-8.4595500192378,4.51257731923403,-1.87466040375209,0.0608394575291746,6.50377946968383,-1.30071292525683,0.193356736392214
"mu_Int_Existence_Medium_Bee_Class3",-11.5956193239736,4.3651447886835,-2.65641115823579,0.00789772575936998,7.52613559892079,-1.5407135802385,0.123386510171344
"mu_Int_Existence_High_Bee_Class3",-5.15496481661589,3.30372855759237,-1.56034756692379,0.118677768319097,3.74544275739056,-1.37632988955552,0.168719523172778
"mu_Int_Bequest_Medium_Bee_Class3",14.6347188456264,4.64776727265418,3.14876326354203,0.00163962962657638,6.4464458015861,2.27019962566437,0.0231954737164846
"mu_Int_Bequest_High_Bee_Class3",-3.28510618679811,4.26423064433517,-0.77038660916764,0.441070594319803,5.70591815495657,-0.575736647036276,0.564793200841613
"mu_Int_Existence_Medium_Wasp_Class3",-18.4508098609188,3.93702350796063,-4.68648709453003,2.77934336545549e-06,6.35786483524966,-2.90204500080321,0.00370735279961432
"mu_Int_Existence_High_Wasp_Class3",-16.1007478823864,3.76253902724366,-4.27922415310635,1.87545913734599e-05,4.67175408894028,-3.44640312308017,0.000568102212845201
"mu_Int_Encounter_Medium_Wasp_Class3",20.358308525614,6.5402438470534,3.1127751505452,0.00185337161008681,8.62821838124565,2.35950315882882,0.0182994250725343
"mu_Int_Encounter_High_Wasp_Class3",2.55377613278061,5.20138658050984,0.490979874933711,0.623440681633078,6.84743808280817,0.372953519534899,0.709183038121803
"mu_Int_Bequest_Medium_Wasp_Class3",-6.72281548550331,5.01668542481464,-1.34009109924442,0.180215729451192,7.36740488271996,-0.912507944455651,0.361501389366224
"mu_Int_Bequest_High_Wasp_Class3",-14.1442618852436,4.96283507839078,-2.85003665482068,0.00437141909608152,6.57770323841269,-2.15033445149113,0.0315287691511852
"sig_Encounter_Medium_Class1",-31.3491933638432,6.57911076617459,-4.76495904659637,1.88892011032671e-06,7.20995498460268,-4.34804287000285,1.37357759431023e-05
"sig_Encounter_High_Class1",-43.6914993002842,7.66398263202195,-5.70088704503722,1.191855947269e-08,8.90985181559245,-4.90372906357691,9.40341696065161e-07
"sig_Existence_Medium_Class1",-8.07472723147454,12.6576546703906,-0.637932337525632,0.523517726327775,14.6633838806013,-0.550672839040713,0.581857966962322
"sig_Existence_High_Class1",-21.0234554884729,6.34700078798021,-3.31234486819139,0.000925174204993606,8.25156395990025,-2.54781464345907,0.0108400050137345
"sig_Bequest_Medium_Class1",-10.0968484106815,8.15449007629831,-1.23819494734916,0.215643784583409,8.34172544552163,-1.21040286888153,0.22612434159298
"sig_Bequest_High_Class1",-29.3405675433725,7.84992961338822,-3.73768543011284,0.000185722109000697,9.43765372234706,-3.1088836703023,0.0018779564306346
"sig_Int_Encounter_Medium_Bee_Class1",6.33424012540695,12.8770690403882,0.491900766046992,0.622789496731491,7.46046357536881,0.849041089929027,0.395858428504505
"sig_Int_Encounter_High_Bee_Class1",1.23278554132091,11.5778925470752,0.106477542118175,0.915203472896043,1.90709214825335,0.646421591347843,0.518006361109472
"sig_Int_Existence_Medium_Bee_Class1",92.6349242465374,26.7137254410349,3.46769021232214,0.000524952075566798,40.1384661598522,2.30788401025633,0.0210055886331144
"sig_Int_Existence_High_Bee_Class1",38.7531740829433,12.2376841376686,3.1667081489428,0.00154174964635168,13.9950903177225,2.76905494735312,0.0056219153058501
"sig_Int_Bequest_Medium_Bee_Class1",-0.76223076999064,13.8406511765783,-0.0550718864500046,0.956081193506052,4.01753995185056,-0.1897257473792,0.849524043755899
"sig_Int_Bequest_High_Bee_Class1",65.5398245353986,18.90259466316,3.46723958817843,0.000525832973010454,27.3089496156545,2.39993941392124,0.0163977856400397
"sig_Int_Existence_Medium_Wasp_Class1",25.0660881134913,13.3574579728924,1.8765612562181,0.0605782516868216,15.2360414292445,1.64518377230051,0.0999319189843144
"sig_Int_Existence_High_Wasp_Class1",21.2015766660616,12.5353916630478,1.69133739383352,0.0907723820315254,14.6236652255479,1.44981277532407,0.1471107359917
"sig_Int_Encounter_Medium_Wasp_Class1",-28.894782089174,15.5831739334831,-1.85422958201657,0.0637063216069278,17.113705866295,-1.68840006454017,0.0913344581019582
"sig_Int_Encounter_High_Wasp_Class1",1.98053986981674,20.2712203066855,0.0977020544324878,0.922168884163031,7.01712438554021,0.282243802589266,0.777756573406374
"sig_Int_Bequest_Medium_Wasp_Class1",-21.037293792926,17.3846429728602,-1.21010789958517,0.226237492328481,21.7005023204408,-0.969438102504654,0.332326649241283
"sig_Int_Bequest_High_Wasp_Class1",78.2864121468279,17.1012217239191,4.57782569050785,4.69833934513275e-06,19.2599757135074,4.06472019027128,4.80901200434758e-05
"sig_Encounter_Medium_Class2",-3.91585424902884,2.59821359512063,-1.50713330743196,0.131776490837578,2.21352585423259,-1.76905738035142,0.076884299358182
"sig_Encounter_High_Class2",3.06129991580892,4.63168638014788,0.660947150681472,0.508646206630907,10.2296597711004,0.29925725628308,0.764743765501832
"sig_Existence_Medium_Class2",5.55738046417271,1.67309525713391,3.32161629200526,0.000894976780837942,2.72206846544179,2.04160201505833,0.0411910252669829
"sig_Existence_High_Class2",-0.810581648219515,7.80439900896184,-0.103862148422796,0.917278745781771,14.5597823070592,-0.0556726488847647,0.955602588726726
"sig_Bequest_Medium_Class2",-12.2379426624251,2.80218072688636,-4.36729242514748,1.25796254608623e-05,6.8541487038369,-1.78547959655068,0.0741835579566785
"sig_Bequest_High_Class2",0.00377719943429743,2.30204890679201,0.0016407989522521,0.998690832436045,2.25832131731305,0.00167256953443256,0.998665483213823
"sig_Int_Encounter_Medium_Bee_Class2",5.01127383743581,4.8517101497808,1.03288813278803,0.301656252979677,4.85242489833745,1.03273599126754,0.301727465554337
"sig_Int_Encounter_High_Bee_Class2",10.2874142813148,5.82686248439668,1.76551519945129,0.0774772180237784,13.3335791221034,0.771541848374465,0.44038582747295
"sig_Int_Existence_Medium_Bee_Class2",7.46978802736549,5.49835187489606,1.35855037970023,0.174289107957724,6.48385767836022,1.15205922120959,0.249296738653734
"sig_Int_Existence_High_Bee_Class2",-113.12697704699,27.7993574447896,-4.06940977940456,4.71323864774664e-05,29.0054641681152,-3.90019536978645,9.61150950460343e-05
"sig_Int_Bequest_Medium_Bee_Class2",89.6289269171673,20.2959623595571,4.41609642988731,1.0049926515654e-05,26.5046622885921,3.38162870898924,0.000720574671843277
"sig_Int_Bequest_High_Bee_Class2",-9.19977960135922,2.57188396063661,-3.5770585851323,0.000347482316590542,3.80716905866578,-2.41643579772716,0.0156732899846228
"sig_Int_Existence_Medium_Wasp_Class2",0.0267147448884559,2.4543324955092,0.0108847293255242,0.991315414010748,1.49440175726264,0.0178765480960022,0.985737337933259
"sig_Int_Existence_High_Wasp_Class2",5.62951151373758,5.64033081330012,0.998081796986619,0.318239696140172,6.32768890196209,0.889663129929157,0.37364679719217
"sig_Int_Encounter_Medium_Wasp_Class2",-3.96306878441921,2.7875525901642,-1.4217018894649,0.155112811385791,2.22478242196779,-1.78132870220807,0.0748587682088184
"sig_Int_Encounter_High_Wasp_Class2",-60.2110152601155,23.3307518443875,-2.58075760531481,0.00985837743407103,39.9860307975081,-1.50580125256813,0.132118201699897
"sig_Int_Bequest_Medium_Wasp_Class2",-7.33241004104675,4.07017500564532,-1.80149748619573,0.0716245031608242,4.96610029896821,-1.47649253934122,0.13981171661409
"sig_Int_Bequest_High_Wasp_Class2",-4.35158610774798,8.3312111472952,-0.522323349007996,0.601445214883619,12.6098981323768,-0.345092883547964,0.73002454331926
"sig_Encounter_Medium_Class3",-8.37453614166246,1.66217712309164,-5.03829346783807,4.69700885297186e-07,1.90379611946562,-4.39886186132848,1.08820061845982e-05
"sig_Encounter_High_Class3",4.81202959225777,2.5084295690348,1.91834351327207,0.0550674684091912,3.51288953278344,1.36982092586468,0.170742808174219
"sig_Existence_Medium_Class3",-0.0344542320479285,1.73707756452015,-0.0198345961928569,0.984175319535868,0.249333466053116,-0.138185349096253,0.890093933738065
"sig_Existence_High_Class3",8.96436965979606,1.44588817647911,6.19990522477694,5.64971625038879e-10,1.77107311907789,5.06154690240194,4.15868402159347e-07
"sig_Bequest_Medium_Class3",-6.75419456352299,2.25792349714791,-2.99133011904722,0.00277765038307254,3.79943967714543,-1.77768174716686,0.0754561391657615
"sig_Bequest_High_Class3",-0.0135881702673787,3.99662198207572,-0.00339991380929188,0.997287266489775,1.3861268993695,-0.00980297711094096,0.992178481185999
"sig_Int_Encounter_Medium_Bee_Class3",4.66761813617348,4.67814920970511,0.997748880367094,0.318401144155214,4.70819257716384,0.991382161981404,0.321499007130159
"sig_Int_Encounter_High_Bee_Class3",0.0640706980981124,2.82939433981417,0.0226446689302137,0.981933712297556,0.498607221533887,0.128499338419145,0.897753821749542
"sig_Int_Existence_Medium_Bee_Class3",0.853546359448317,4.86878654202858,0.175309874869291,0.860836152907208,1.61151273689606,0.529655360399036,0.596350903459908
"sig_Int_Existence_High_Bee_Class3",-12.2346724568946,3.25674411457392,-3.75671898880371,0.000172155626300574,4.27265266286816,-2.86348398109236,0.00419010000376074
"sig_Int_Bequest_Medium_Bee_Class3",1.73553790811426,8.4198565326621,0.206124403828237,0.836693736566818,4.95844313201599,0.350016701191576,0.726326163763554
"sig_Int_Bequest_High_Bee_Class3",0.605854659793641,3.61028993485247,0.167813297747899,0.866730160769554,1.25513616042746,0.482700346699682,0.629308517045229
"sig_Int_Existence_Medium_Wasp_Class3",-10.9030204276211,2.42618502383327,-4.49389486808172,6.99321633090833e-06,3.0983494947055,-3.51897694119152,0.000433214359201406
"sig_Int_Existence_High_Wasp_Class3",1.11169802007406,4.93962310024302,0.225057255890509,0.821934732811768,2.3434587009865,0.474383448535315,0.635226493763407
"sig_Int_Encounter_Medium_Wasp_Class3",17.4087398802706,3.85388575209569,4.51719147896483,6.26652351609636e-06,4.20430641756332,4.14069245941407,3.46258945733702e-05
"sig_Int_Encounter_High_Wasp_Class3",-0.0250840767474041,8.22463506873181,-0.00304987109309786,0.997566558714908,4.32998109130347,-0.00579311461608553,0.995377789142581
"sig_Int_Bequest_Medium_Wasp_Class3",14.7718535838053,2.92512742785693,5.04998635038194,4.41841634835072e-07,3.59449871284137,4.10957264528508,3.96392004500257e-05
"sig_Int_Bequest_High_Wasp_Class3",0.307382181700832,3.51848035371813,0.0873621992449122,0.930383615093224,0.501883814004582,0.612456853804865,0.540235536043539
"delta_Class1",4.39632028635996,0.543142462155734,8.0942305061382,6.66133814775094e-16,0.718768018821665,6.1164661910907,9.56731804890865e-10
"delta_Class2",0.00421433649878138,0.643601310612551,0.006548054563112,0.994775445696377,1.05148437227681,0.00400798776462647,0.996802097004554
"Int_LV_Bee_Encounter_Medium_Class1",3.71265111711597,5.25783708681402,0.706117564278821,0.480115029701371,5.52716584141671,0.671709737619227,0.50176850099157
"Int_LV_Bee_Existence_Medium_Class1",-5.83527715869521,7.51256361957616,-0.776735806068877,0.437314657145369,8.05329972142446,-0.724582141550181,0.468708418018262
"Int_LV_Bee_Bequest_Medium_Class1",2.62405670274289,6.13402019092691,0.427787425060035,0.668805892953539,5.50111575178834,0.477004451667799,0.633358951668973
"Int_LV_Bee_Encounter_High_Class1",3.5968658860841,5.77594209368404,0.622732331409149,0.533460432654288,6.46848722246096,0.556059827032581,0.57816995675355
"Int_LV_Bee_Existence_High_Class1",4.17061109603959,5.89172654798722,0.707875876802937,0.479022341437014,5.92642456381347,0.703731406876448,0.481600057591728
"Int_LV_Bee_Bequest_High_Class1",13.5973959872331,6.81588523499351,1.99495671045377,0.0460476014774354,7.01126983561822,1.93936281244753,0.0524571753759688
"Int_LV_Beetle_Encounter_Medium_Class1",1.67144061892449,3.07905928956907,0.542841323188165,0.587239058758355,3.49647247113666,0.478036258749985,0.632624398220858
"Int_LV_Beetle_Existence_Medium_Class1",8.30233149362409,3.29755054412664,2.51772683466872,0.0118114886412855,3.95969842883287,2.09670803038181,0.0360194292052047
"Int_LV_Beetle_Bequest_Medium_Class1",10.4810229576363,3.50622416980899,2.98926208081191,0.00279652145954357,4.05454597755041,2.58500532875162,0.00973774924091075
"Int_LV_Beetle_Encounter_High_Class1",9.39540254752964,3.76923817949217,2.49265291820733,0.0126792719933775,4.17577214280867,2.24997969865525,0.024450234054751
"Int_LV_Beetle_Existence_High_Class1",12.1822719481398,3.7651436431914,3.2355397569411,0.00121412976056789,4.01983824164335,3.0305378514832,0.00244118586229347
"Int_LV_Beetle_Bequest_High_Class1",12.0700142249503,4.64079498859069,2.60085055569665,0.00929929543665864,5.30295938162851,2.27609026513864,0.0228406076143755
"Int_LV_Wasp_Encounter_Medium_Class1",11.0157246498789,6.75187200988157,1.63150673380021,0.10278344015151,7.87640563334013,1.39857254218223,0.161941205015608
"Int_LV_Wasp_Existence_Medium_Class1",6.92023161953876,4.99021217396123,1.38676099899085,0.165514653285955,5.59327102222715,1.23724232064536,0.215997134234435
"Int_LV_Wasp_Bequest_Medium_Class1",1.53568509364828,5.41154244951329,0.283779552313482,0.776579325497743,5.83863682890215,0.263021170634626,0.792534261643086
"Int_LV_Wasp_Encounter_High_Class1",14.1666187135415,6.06746332691802,2.33485032380698,0.0195512412110654,6.71023286440601,2.11119628779016,0.03475544378583
"Int_LV_Wasp_Existence_High_Class1",12.5190544797505,5.71427482664431,2.19083870824293,0.0284634663995178,6.67607821190913,1.87521087716114,0.060763718356218
"Int_LV_Wasp_Bequest_High_Class1",10.6706690161976,7.20160873269016,1.48170629817201,0.138418460539293,8.11151972133782,1.31549566330065,0.188343373871867
"Int_LV_Bee_Encounter_Medium_Class2",9.41968415037014,3.42426556661446,2.75086262064753,0.00594385647608808,4.06396693000976,2.31785452800117,0.0204572284570268
"Int_LV_Bee_Existence_Medium_Class2",5.72864093722709,2.09484887738903,2.73463207731105,0.00624500358127555,2.52281802142162,2.27073093999819,0.023163270826235
"Int_LV_Bee_Bequest_Medium_Class2",8.40415922284908,8.24980095432884,1.01871054457856,0.308340405078203,7.6468455079356,1.09903609457358,0.271752322347968
"Int_LV_Bee_Encounter_High_Class2",4.10095178871316,1.78115043273644,2.30241742266134,0.0213116433705542,2.02303547033163,2.02712797123666,0.0426493269760628
"Int_LV_Bee_Existence_High_Class2",13.9334622682739,10.6663466539056,1.30630127825183,0.191450122600903,19.8482870354776,0.701998225003937,0.482680270394294
"Int_LV_Bee_Bequest_High_Class2",1.7260023229287,2.25635189430542,0.764952633179596,0.444299750667963,3.59519144369315,0.480086345876389,0.631165996769328
"Int_LV_Beetle_Encounter_Medium_Class2",-0.899491926333624,1.05931196904914,-0.849128446213085,0.3958098232739,2.05624515702747,-0.437443912395125,0.661789443719398
"Int_LV_Beetle_Existence_Medium_Class2",-1.69228633793206,1.17865844175569,-1.43577331479617,0.151066855485636,1.36817209360868,-1.23689581583885,0.216125763634281
"Int_LV_Beetle_Bequest_Medium_Class2",6.62725432811092,2.00920246997236,3.29845021950529,0.00097220116650143,2.93850683807698,2.25531356341779,0.0241136538718656
"Int_LV_Beetle_Encounter_High_Class2",2.34055308114792,1.20596670831329,1.9408106915501,0.0522812437091569,1.70090543894241,1.37606302358774,0.168802122112613
"Int_LV_Beetle_Existence_High_Class2",-1.73114003791119,1.41406840874756,-1.22422651351391,0.220866789902171,1.89572760835622,-0.913179736519351,0.361148019400626
"Int_LV_Beetle_Bequest_High_Class2",2.25716552491604,0.962211912361361,2.34580916731402,0.0189858253897963,1.08180521915817,2.08648052804969,0.0369351172271262
"Int_LV_Wasp_Encounter_Medium_Class2",3.26146997033193,1.35649609756709,2.40433420795051,0.0162019535122688,1.939660455384,1.68146438273716,0.0926727490612442
"Int_LV_Wasp_Existence_Medium_Class2",2.5047869143919,1.69624257001793,1.4766678767916,0.139764687046644,1.91547366647551,1.30765927938896,0.190988900769832
"Int_LV_Wasp_Bequest_Medium_Class2",-0.395690087401077,1.89363107112378,-0.208958383412168,0.834480726634209,1.86940858413865,-0.211665919777187,0.832367677723506
"Int_LV_Wasp_Encounter_High_Class2",6.39959369130092,6.91860546535993,0.924983180980965,0.354974656226426,8.95983626980021,0.714253419213834,0.47507049009306
"Int_LV_Wasp_Existence_High_Class2",5.00240596807274,2.30403732419244,2.17114797384026,0.0299199886142789,2.36771081700975,2.11276053314248,0.0346212692604544
"Int_LV_Wasp_Bequest_High_Class2",-0.177114760770066,1.98837364515431,-0.0890751902700466,0.929022154298524,2.17742177582813,-0.0813415033946306,0.935170368388634
"Int_LV_Bee_Encounter_Medium_Class3",3.44051234639187,1.79878133700339,1.91269070654438,0.0557876596354525,2.01263549978649,1.70945625611635,0.0873664679790904
"Int_LV_Bee_Existence_Medium_Class3",-0.780459739364964,1.86193898101931,-0.419165046395723,0.675095515357765,2.1207990631792,-0.368002680176126,0.712871235726268
"Int_LV_Bee_Bequest_Medium_Class3",2.50031273426498,2.35892789410277,1.0599360584593,0.289173689831161,2.81464470745065,0.888322681596865,0.374367202406755
"Int_LV_Bee_Encounter_High_Class3",3.34146447856701,1.72028150828008,1.94239399917039,0.0520894212079936,1.65694811124801,2.01663797187363,0.0437333073440274
"Int_LV_Bee_Existence_High_Class3",1.23037997001726,1.90336230252511,0.646424471255402,0.518004496530126,1.96395186397628,0.626481734397601,0.530999013829867
"Int_LV_Bee_Bequest_High_Class3",2.32789255316088,1.52062473868414,1.53087904855165,0.125799288209819,1.92856605848842,1.20705875897528,0.227409515870001
"Int_LV_Beetle_Encounter_Medium_Class3",0.0349556410330941,1.31393683822365,0.0266037453370679,0.97877578597124,1.79482550037566,0.0194757880505809,0.984461551716455
"Int_LV_Beetle_Existence_Medium_Class3",1.15501198511285,1.18807828919738,0.972168244815864,0.330966855584916,1.50089687515228,0.769547864503125,0.441568141401925
"Int_LV_Beetle_Bequest_Medium_Class3",0.0491960670453811,1.49095444889918,0.0329963581930381,0.973677491802523,2.61872765173081,0.018786247975373,0.985011624414249
"Int_LV_Beetle_Encounter_High_Class3",-1.23688602978238,1.29851488979118,-0.952538965480239,0.340823714266601,1.94044589622742,-0.637423610824247,0.523848953009982
"Int_LV_Beetle_Existence_High_Class3",-0.495881891307278,1.26929657532678,-0.390674568061142,0.696037799600305,1.9655384174559,-0.252288068705939,0.800818409722521
"Int_LV_Beetle_Bequest_High_Class3",0.362210583360902,1.32688625388183,0.27297787003313,0.784870226907879,1.66961194838924,0.216942975108883,0.828252785749365
"Int_LV_Wasp_Encounter_Medium_Class3",11.4107365135815,3.44150478874114,3.31562418594088,0.000914387039210762,3.75224946803666,3.0410388783537,0.00235763385942911
"Int_LV_Wasp_Existence_Medium_Class3",3.76938063538755,1.63154207700406,2.31031775920185,0.0208705684337787,1.80659099492897,2.08646043624043,0.0369369354168398
"Int_LV_Wasp_Bequest_Medium_Class3",-1.19470868807434,2.15263482363432,-0.554998309493712,0.578895816744126,2.38092328675624,-0.501783780569432,0.615819623486619
"Int_LV_Wasp_Encounter_High_Class3",12.1082742361833,2.44622761564004,4.94977415787829,7.4299647900844e-07,2.86040764458816,4.23305896944162,2.3053402590012e-05
"Int_LV_Wasp_Existence_High_Class3",5.3380352498166,1.50281062898358,3.5520345324061,0.000382264688868039,2.09450532939137,2.54858995816819,0.0108159387665945
"Int_LV_Wasp_Bequest_High_Class3",-1.46470286124622,2.32367574029521,-0.630338749872276,0.528472975375112,2.54425410218762,-0.575690478394761,0.56482441233506
"ClassAllocation_C1_Q1Age",-0.0343994641793502,0.0049487465627663,-6.95114686982904,3.62332386316666e-12,0.00578270676986044,-5.94867862894946,2.70315769768104e-09
"ClassAllocation_C1_Income",0.0542939860936929,0.0789147203483224,0.688008344375348,0.491447526675639,0.0832785715540175,0.651956260542676,0.514429389309847
"ClassAllocation_C1_Female_dummy",-0.310687912487808,0.160482105823735,-1.9359660748037,0.0528718561300796,0.181380240447024,-1.71290936500082,0.0867292151199499
"ClassAllocation_C1_Q3Country_England",0.224108151271297,0.249118815544507,0.899603471465843,0.368331309134767,0.270276245600161,0.829181827554451,0.407001526378575
"ClassAllocation_C1_CE_Debrief_Certain_scaled",-0.168544352658827,0.0983228584131519,-1.71419296976299,0.0864932916204293,0.110166578662674,-1.52990457455254,0.126040350891432
"ClassAllocation_C1_CE_Debrief_Confident_scaled",0.122712655249933,0.0995431424162157,1.232758503211,0.217665877601016,0.11917230649891,1.02970781429875,0.303147186227441
"ClassAllocation_C1_Q43_Citizen",-1.32337733271784,0.279311822870526,-4.73799253865199,2.15845757689515e-06,0.306480497290155,-4.31798220251827,1.57462123897556e-05
"ClassAllocation_C1_AlwaysZero",-1.7252596180321,0.339228804232792,-5.08582878725169,3.66024140330268e-07,0.394349317985348,-4.37495271158603,1.21458805497632e-05
"ClassAllocation_C2_Q1Age",0.00192255600311942,0.00492603622259578,0.390284585058598,0.696326120659209,0.00629661170288641,0.305331834617991,0.760113432300873
"ClassAllocation_C2_Income",-0.0276644535443383,0.0815092425296517,-0.339402657732642,0.734306416709021,0.0855971411709035,-0.323193662380656,0.746548580271864
"ClassAllocation_C2_Female_dummy",0.477402120051593,0.160059019572665,2.98266302846406,0.00285752416139529,0.176701957948029,2.70173644704042,0.00689784152754713
"ClassAllocation_C2_Q3Country_England",-0.31124809297648,0.220115093256681,-1.41402431051617,0.157354764697484,0.237630096827091,-1.30980080861961,0.190263229536148
"ClassAllocation_C2_CE_Debrief_Certain_scaled",0.133063846997962,0.0978191539238001,1.36030461990723,0.173733547018765,0.111627526008676,1.19203436424471,0.233247771123066
"ClassAllocation_C2_CE_Debrief_Confident_scaled",-0.299424066966424,0.0914555423376215,-3.27398492549589,0.0010604226817994,0.112615344145038,-2.65882122227318,0.00784145602543918
"ClassAllocation_C2_Q43_Citizen",0.292393713879162,0.394511722452692,0.741153423937168,0.458600420157944,0.521392772770717,0.560793568973658,0.574938271297661
"ClassAllocation_C2_AlwaysZero",-0.666349621943379,0.389374059741224,-1.71133542482576,0.0870192104208813,0.461948415589474,-1.44247625807543,0.149168064609994
